collected_at_utc,source_type,company,title,location,team,url,external_id,posted_at,description_snippet
2026-04-18 13:00:30,weworkremotely,3pillar,Senior Technical Lead DevOps - AWS,Remote,,https://weworkremotely.com/remote-jobs/3pillar-senior-technical-lead-devops-aws,wwr::https://weworkremotely.com/remote-jobs/3pillar-senior-technical-lead-devops-aws,"Thu, 09 Apr 2026 20:32:14 +0000","Headquarters: Mexico Join Our Mission at 3Pillar: Elevate Your Impact! As a Senior DevOps Engineer, you are the cornerstone of operational excellence, driving forward innovations that redefine industries. Your expertise in DevOps practices will ensure the seamless integration and continuous delivery"
2026-04-17 13:17:27,remoteok,540,Test Automation Engineer,Worldwide,,https://remoteOK.com/remote-jobs/remote-test-automation-engineer-540-1131147,remoteok::1131147,2026-04-16T00:00:40+00:00,"540 is seeking a Test Automation Engineer to support the DoW in building a next-generation Air Force aircraft maintenance application powered by Angular, Apigee, Kubernetes, and Google Cloud. Test Engineers on this team design and implement automated tests to ensure the platform performs reliably as"
2026-04-18 13:00:30,greenhouse,airbnb,Senior Android Automation Engineer,,,https://careers.airbnb.com/positions/7380262?gh_jid=7380262,greenhouse::7380262,2026-03-17T19:41:32-04:00,
2026-04-18 13:00:30,greenhouse,airbnb,Senior iOS Automation Engineer,,,https://careers.airbnb.com/positions/7453190?gh_jid=7453190,greenhouse::7453190,2026-03-12T14:33:40-04:00,
2026-04-18 13:00:30,greenhouse,airbnb,"Senior Software Engineer, Reliability Engineering",,,https://careers.airbnb.com/positions/7565550?gh_jid=7565550,greenhouse::7565550,2026-02-11T18:05:46-05:00,
2026-04-18 13:00:30,weworkremotely,Amadeus,Senior Sre - DevOps H/F,Remote,,https://weworkremotely.com/remote-jobs/amadeus-senior-sre-devops-h-f,wwr::https://weworkremotely.com/remote-jobs/amadeus-senior-sre-devops-h-f,"Mon, 06 Apr 2026 18:02:13 +0000","Headquarters: Nice, Provence-Alpes-Côte d&#39;Azur, FR Détail du poste Job Title Senior SRE / DEVOPS Business environment API management (AMI) organization fosters the development &amp; operations, promotion and efficient consumption of Amadeus Services exposed to internal and external entities. The"
2026-04-18 13:00:30,greenhouse,anthropic,"Infrastructure Engineer, Sandboxing",,,https://job-boards.greenhouse.io/anthropic/jobs/5030680008,greenhouse::5030680008,2026-04-01T10:49:08-04:00,
2026-04-18 13:00:30,greenhouse,anthropic,"ML Infrastructure Engineer, Safeguards",,,https://job-boards.greenhouse.io/anthropic/jobs/4778843008,greenhouse::4778843008,2026-04-03T12:07:43-04:00,
2026-04-17 13:17:27,weworkremotely,Bjak,Senior QA Automation Engineer,Remote,,https://weworkremotely.com/remote-jobs/bjak-senior-qa-automation-engineer,wwr::https://weworkremotely.com/remote-jobs/bjak-senior-qa-automation-engineer,"Thu, 16 Apr 2026 21:53:44 +0000","Headquarters: Malaysia URL: https://bjak.my/en If you enjoy building cutting-edge platforms and ecosystems to provide equal access to financial services for the masses, we'd love to speak with you! &nbsp; Your Mission: Design, develop, and enhance robust automation frameworks using modern tools (e.g"
2026-04-18 13:00:30,weworkremotely,blau direkt,Senior DevOps Engineer (m/w/d),Remote,,https://weworkremotely.com/remote-jobs/blau-direkt-senior-devops-engineer-m-w-d,wwr::https://weworkremotely.com/remote-jobs/blau-direkt-senior-devops-engineer-m-w-d,"Tue, 07 Apr 2026 20:31:29 +0000","Headquarters: Remote / Deutschlandweit, Pforzheim Das erwartet dich „Eines der innovativsten Unternehmen Deutschlands“ – das sagen Institutionen wie Capital oder Brand Eins über uns. Was wir selbst mit Sicherheit sagen können, ist, dass wir der Digitalisierungsmotor der Versicherungswirtschaft sind."
2026-04-18 13:00:30,weworkremotely,Blockchain & Climate Institute/ BCI America Inc.,UNPAID VOLUNTEER - Technology Officers (Data Scientists/DevOps/Full Stack),Remote,,https://weworkremotely.com/remote-jobs/blockchain-climate-institute-bci-america-inc-unpaid-volunteer-technology-officers-data-scientists-devops-full-stack-1,wwr::https://weworkremotely.com/remote-jobs/blockchain-climate-institute-bci-america-inc-unpaid-volunteer-technology-officers-data-scientists-devops-full-stack-1,"Tue, 07 Apr 2026 20:33:50 +0000",Headquarters: Canada THIS IS AN UNPAID VOLUNTEERING ROLE. Role Title: Technology Officers (Data Scientists/DevOps/Full Stack) Role Nature: Volunteer Location: Home-based The Blockchain &amp; Climate Institute (BCI) is an international volunteers-led think tank supporting and advocating the applicati
2026-04-18 13:00:30,weworkremotely,Blockchain & Climate Institute/ Bci America Inc.,UNPAID VOLUNTEER - Technology Officers (Data Scientists/DevOps/Full Stack),Remote,,https://weworkremotely.com/remote-jobs/blockchain-climate-institute-bci-america-inc-unpaid-volunteer-technology-officers-data-scientists-devops-full-stack,wwr::https://weworkremotely.com/remote-jobs/blockchain-climate-institute-bci-america-inc-unpaid-volunteer-technology-officers-data-scientists-devops-full-stack,"Tue, 07 Apr 2026 20:33:45 +0000",Headquarters: United States THIS IS AN UNPAID VOLUNTEERING ROLE. Role Title: Technology Officers (Data Scientists/DevOps/Full Stack) Role Nature: Volunteer Location: Home-based The Blockchain &amp; Climate Institute (BCI) is an international volunteers-led think tank supporting and advocating the ap
2026-04-18 13:00:30,greenhouse,bugcrowd,Senior Site Reliability Engineer,,,https://boards.greenhouse.io/bugcrowd/jobs/7435558?gh_jid=7435558,greenhouse::7435558,2026-04-01T17:05:34-04:00,
2026-04-18 13:00:30,greenhouse,canonical,Kernel Build Automation Engineer - Ubuntu Linux,,,https://job-boards.greenhouse.io/canonical/jobs/7334725,greenhouse::7334725,2026-03-31T13:09:33-04:00,
2026-04-18 13:00:30,greenhouse,canonical,MAAS Data Center Infrastructure Engineer (Toronto area),,,https://job-boards.greenhouse.io/canonical/jobs/6177790,greenhouse::6177790,2026-03-31T11:48:04-04:00,
2026-04-18 13:00:30,greenhouse,canonical,Senior Site Reliability / Gitops Engineer,,,https://job-boards.greenhouse.io/canonical/jobs/5517891,greenhouse::5517891,2026-04-01T08:47:23-04:00,
2026-04-18 13:00:30,greenhouse,canonical,Senior Site Reliability Engineer,,,https://job-boards.greenhouse.io/canonical/jobs/3029798,greenhouse::3029798,2026-04-01T07:13:58-04:00,
2026-04-18 13:00:30,greenhouse,canonical,Site Reliability / Gitops Engineer,,,https://job-boards.greenhouse.io/canonical/jobs/1747487,greenhouse::1747487,2026-04-01T08:47:23-04:00,
2026-04-18 13:00:30,greenhouse,canonical,Site Reliability Engineer,,,https://job-boards.greenhouse.io/canonical/jobs/4468036,greenhouse::4468036,2026-04-01T07:14:36-04:00,
2026-04-18 13:00:30,greenhouse,clickhouse,Cloud Engineer - Product Metrics,,,https://job-boards.greenhouse.io/clickhouse/jobs/5755082004,greenhouse::5755082004,2026-03-27T09:46:40-04:00,
2026-04-18 13:00:30,greenhouse,clickhouse,Cloud Platform Engineer - Control Plane,,,https://job-boards.greenhouse.io/clickhouse/jobs/5802320004,greenhouse::5802320004,2026-03-27T09:46:40-04:00,
2026-04-18 13:00:30,greenhouse,clickhouse,Cloud Platform Engineer - Control Plane,,,https://job-boards.greenhouse.io/clickhouse/jobs/5802319004,greenhouse::5802319004,2026-03-27T09:46:40-04:00,
2026-04-18 13:00:30,greenhouse,clickhouse,Database Reliability Engineer - Core Team,,,https://job-boards.greenhouse.io/clickhouse/jobs/5843425004,greenhouse::5843425004,2026-04-01T20:22:48-04:00,
2026-04-18 13:00:30,greenhouse,clickhouse,Database Reliability Engineer - Core Team,,,https://job-boards.greenhouse.io/clickhouse/jobs/5843421004,greenhouse::5843421004,2026-04-01T20:22:42-04:00,
2026-04-18 13:00:30,greenhouse,clickhouse,Database Reliability Engineer - Core Team,,,https://job-boards.greenhouse.io/clickhouse/jobs/5843422004,greenhouse::5843422004,2026-04-01T20:22:44-04:00,
2026-04-18 13:00:30,greenhouse,clickhouse,Database Reliability Engineer - Core Team,,,https://job-boards.greenhouse.io/clickhouse/jobs/5843423004,greenhouse::5843423004,2026-04-01T20:22:45-04:00,
2026-04-18 13:00:30,greenhouse,clickhouse,Database Reliability Engineer - Core Team,,,https://job-boards.greenhouse.io/clickhouse/jobs/5843424004,greenhouse::5843424004,2026-04-01T20:22:47-04:00,
2026-04-18 13:00:30,greenhouse,clickhouse,Release Engineer - Data Plane,,,https://job-boards.greenhouse.io/clickhouse/jobs/5813432004,greenhouse::5813432004,2026-03-27T09:46:40-04:00,
2026-04-18 13:00:30,greenhouse,clickhouse,Release Engineer - Data Plane,,,https://job-boards.greenhouse.io/clickhouse/jobs/5813433004,greenhouse::5813433004,2026-03-27T09:46:40-04:00,
2026-04-18 13:00:30,greenhouse,clickhouse,Release Engineer - Data Plane,,,https://job-boards.greenhouse.io/clickhouse/jobs/5813444004,greenhouse::5813444004,2026-03-27T09:46:40-04:00,
2026-04-18 13:00:30,greenhouse,clickhouse,Senior Cloud Engineer,,,https://job-boards.greenhouse.io/clickhouse/jobs/5733571004,greenhouse::5733571004,2026-03-27T09:46:40-04:00,
2026-04-18 13:00:30,greenhouse,clickhouse,Senior Infrastructure Engineer - Postgres,,,https://job-boards.greenhouse.io/clickhouse/jobs/5706417004,greenhouse::5706417004,2026-03-27T09:46:40-04:00,
2026-04-18 13:00:30,greenhouse,clickhouse,Senior Infrastructure Engineer - Postgres,,,https://job-boards.greenhouse.io/clickhouse/jobs/5717944004,greenhouse::5717944004,2026-03-27T09:46:40-04:00,
2026-04-18 13:00:30,greenhouse,clickhouse,Senior Site Reliability Engineer- Remote,,,https://job-boards.greenhouse.io/clickhouse/jobs/5819754004,greenhouse::5819754004,2026-03-27T09:46:40-04:00,
2026-04-18 13:00:30,greenhouse,clickhouse,Senior Site Reliability Engineer- Remote,,,https://job-boards.greenhouse.io/clickhouse/jobs/5828333004,greenhouse::5828333004,2026-03-27T09:46:40-04:00,
2026-04-18 13:00:30,greenhouse,clickhouse,Senior Site Reliability Engineer- Remote,,,https://job-boards.greenhouse.io/clickhouse/jobs/5819755004,greenhouse::5819755004,2026-03-27T09:46:40-04:00,
2026-04-18 13:00:30,greenhouse,clickhouse,Senior Site Reliability Engineer- Remote,,,https://job-boards.greenhouse.io/clickhouse/jobs/5819757004,greenhouse::5819757004,2026-03-27T09:46:40-04:00,
2026-04-18 13:00:30,greenhouse,clickhouse,Senior Software Engineer - Cloud Infrastructure,,,https://job-boards.greenhouse.io/clickhouse/jobs/5819674004,greenhouse::5819674004,2026-03-27T09:46:40-04:00,
2026-04-18 13:00:30,greenhouse,clickhouse,Senior Software Engineer - Cloud Infrastructure,,,https://job-boards.greenhouse.io/clickhouse/jobs/5819676004,greenhouse::5819676004,2026-03-27T09:46:40-04:00,
2026-04-18 13:00:30,greenhouse,clickhouse,Senior Software Engineer - Cloud Infrastructure,,,https://job-boards.greenhouse.io/clickhouse/jobs/5819679004,greenhouse::5819679004,2026-03-27T09:46:40-04:00,
2026-04-18 13:00:30,greenhouse,clickhouse,Senior Software Engineer - Cloud Infrastructure,,,https://job-boards.greenhouse.io/clickhouse/jobs/5819677004,greenhouse::5819677004,2026-03-27T09:46:40-04:00,
2026-04-18 13:00:30,greenhouse,clickhouse,Senior Software Engineer - Cloud Infrastructure,,,https://job-boards.greenhouse.io/clickhouse/jobs/5819678004,greenhouse::5819678004,2026-03-27T09:46:40-04:00,
2026-04-18 13:00:30,greenhouse,cloudflare,Database Reliability Engineer,,,https://boards.greenhouse.io/cloudflare/jobs/7249558?gh_jid=7249558,greenhouse::7249558,2026-02-06T10:04:45-05:00,
2026-04-18 13:00:30,greenhouse,cloudflare,Security Systems Reliability Engineer,,,https://boards.greenhouse.io/cloudflare/jobs/7097407?gh_jid=7097407,greenhouse::7097407,2026-02-17T12:16:14-05:00,
2026-04-18 13:00:30,greenhouse,cloudflare,Senior Security Systems Reliability Engineer,,,https://boards.greenhouse.io/cloudflare/jobs/7137244?gh_jid=7137244,greenhouse::7137244,2026-02-06T10:04:45-05:00,
2026-04-18 13:00:30,greenhouse,cloudflare,Systems Reliability Engineer,,,https://boards.greenhouse.io/cloudflare/jobs/7453074?gh_jid=7453074,greenhouse::7453074,2026-02-06T10:04:45-05:00,
2026-04-18 13:00:30,remoteok,CloudWalk,Senior Engineer Platform Devops,SÃ£o Paulo,,https://remoteOK.com/remote-jobs/remote-senior-engineer-platform-devops-cloudwalk-1131081,remoteok::1131081,2026-04-11T00:00:53+00:00,"We are looking for a self-taught builder with strong communication skills, great people synergy, and the ability to thrive in highly dynamic environments. You do not need to be a programmer at heart, but you do need to be comfortable reading code, understanding how systems behave, and translating te"
2026-04-18 13:00:30,greenhouse,contentful,Senior Platform Engineer (f/m/d),,,https://job-boards.greenhouse.io/contentful/jobs/7682062,greenhouse::7682062,2026-03-17T16:08:24-04:00,
2026-04-18 13:00:30,jobicy,Dayforce,DevOps Engineer,USA,DevOps &amp; Infrastructure,https://jobicy.com/jobs/141321-devops-engineer-2,jobicy::141321,2026-03-27T18:09:49+00:00,"Dayforce is a global human capital management (HCM) company headquartered in Toronto, Ontario, and Minneapolis, Minnesota, with operations across North America, Europe, Middle East, Africa (EMEA), and the Asia Pacific..."
2026-04-18 13:00:30,greenhouse,dropbox,Site Reliability Engineer,,,https://jobs.dropbox.com/listing/7539817?gh_jid=7539817,greenhouse::7539817,2026-04-10T12:45:13-04:00,
2026-04-18 13:00:30,jobicy,ECS,DevOps Enablement Engineer / SDLC Lead,USA,DevOps &amp; Infrastructure,https://jobicy.com/jobs/142050-devops-enablement-engineer-sdlc-lead,jobicy::142050,2026-04-17T16:50:34+00:00,ECS is seeking a DevOps Enablement Engineer / SDLC Lead to work remotely.Position SummaryECS DevLabs is seeking a DevOps Enablement Engineer who will serve as the primary point of engagement between ECS...
2026-04-18 13:00:30,greenhouse,elastic,Senior Site Reliability Engineer (FinOps) - Platform,,,https://jobs.elastic.co/jobs?gh_jid=7565188&gh_jid=7565188,greenhouse::7565188,2026-03-31T10:44:14-04:00,
2026-04-18 13:00:30,greenhouse,elastic,Senior Site Reliability Engineer (Resilience) - Platform Resilience,,,https://jobs.elastic.co/jobs?gh_jid=7794016&gh_jid=7794016,greenhouse::7794016,2026-04-08T21:00:57-04:00,
2026-04-18 13:00:30,greenhouse,elastic,Site Reliability Engineer II - Platform Security,,,https://jobs.elastic.co/jobs?gh_jid=7721766&gh_jid=7721766,greenhouse::7721766,2026-03-26T20:39:29-04:00,
2026-04-18 13:00:30,weworkremotely,Evolutioniq,Senior DevOps Engineer (CloudInfra),Remote,,https://weworkremotely.com/remote-jobs/evolutioniq-senior-devops-engineer-cloudinfra,wwr::https://weworkremotely.com/remote-jobs/evolutioniq-senior-devops-engineer-cloudinfra,"Tue, 07 Apr 2026 20:34:02 +0000","Headquarters: New York, NY or Remote About Us: EvolutionIQ’s mission is to improve the lives of injured and disabled workers and enable them to return to the workforce, saving billions of dollars in avoidable costs and lost productivity to the US and global economies and make insurance more affordab"
2026-04-18 13:00:30,weworkremotely,Extreme Digital Solutions,ed3b ANALISTA DEVOPS III,Remote,,https://weworkremotely.com/remote-jobs/extreme-digital-solutions-ed3b-analista-devops-iii,wwr::https://weworkremotely.com/remote-jobs/extreme-digital-solutions-ed3b-analista-devops-iii,"Fri, 03 Apr 2026 00:08:59 +0000","Headquarters: BR URL: http://extremedigital.com.br A Extreme Digital Solutions é uma empresa jovem, fundada em 2014, antenada nas mais modernas tendências e tecnologias.&nbsp; Temos como missão tornar negócios mais simples e eficientes, e, na nossa essência, a busca e integração de soluções para as "
2026-04-18 13:00:30,greenhouse,fastly,Cloud Engineer,,,https://www.fastly.com/about/jobs/apply?gh_jid=7698946,greenhouse::7698946,2026-04-06T12:03:52-04:00,
2026-04-18 13:00:30,greenhouse,fivetran,Senior Site Reliability Engineer,,,https://www.fivetran.com/careers/job?gh_jid=7581688003,greenhouse::7581688003,2026-03-24T15:40:26-04:00,
2026-04-18 13:00:30,greenhouse,fivetran,Senior Site Reliability Engineer,,,https://www.fivetran.com/careers/job?gh_jid=7581685003,greenhouse::7581685003,2026-03-24T15:38:12-04:00,
2026-04-18 13:00:30,greenhouse,gitlab,"Intermediate Site Reliability Engineer, Environment Automation",,,https://job-boards.greenhouse.io/gitlab/jobs/8464417002,greenhouse::8464417002,2026-03-20T10:26:01-04:00,
2026-04-18 13:00:30,greenhouse,gitlab,"Senior Site Reliability Engineer, Tenant Services: Geo",,,https://job-boards.greenhouse.io/gitlab/jobs/8490453002,greenhouse::8490453002,2026-04-07T14:39:20-04:00,
2026-04-18 13:00:30,weworkremotely,Greenbone,Senior DevOps Engineer - Delivery & Infrastructure Automation (m/f/d),Remote,,https://weworkremotely.com/remote-jobs/greenbone-senior-devops-engineer-delivery-infrastructure-automation-m-f-d,wwr::https://weworkremotely.com/remote-jobs/greenbone-senior-devops-engineer-delivery-infrastructure-automation-m-f-d,"Mon, 06 Apr 2026 20:34:22 +0000",Headquarters: Homeoffice Who we are Greenbone is a globally operating company developing open-source solutions for vulnerability analysis and management. Our products protect the digital infrastructures of organizations of all sizes by identifying security issues before they turn into real threats. 
2026-04-18 13:00:30,weworkremotely,Grupo Taking,Analista de Sustentação N1 - Dados (Azure & DevOps) - Pleno - 26181,Remote,,https://weworkremotely.com/remote-jobs/grupo-taking-analista-de-sustentacao-n1-dados-azure-devops-pleno-26181,wwr::https://weworkremotely.com/remote-jobs/grupo-taking-analista-de-sustentacao-n1-dados-azure-devops-pleno-26181,"Fri, 03 Apr 2026 00:08:59 +0000","Headquarters: BR URL: http://taking.com.br Estamos em busca de um(a) profissional para garantir a sustentação N1 dos ambientes de dados em Azure, assegurando disponibilidade e performance dos pipelines em produção, monitorando e tratando incidentes com precisão técnica, promovendo otimização e autom"
2026-04-17 13:17:27,remoteok,GuidePoint Security,CNAPP Security Engineer Mid Atlantic region,"Reston, VA",,https://remoteOK.com/remote-jobs/remote-cnapp-security-engineer-mid-atlantic-region-guidepoint-security-1131144,remoteok::1131144,2026-04-16T00:00:06+00:00,"GuidePoint Security provides trusted cybersecurity expertise, solutions and services that help organizations make better decisions and minimize risk. By taking a three-tiered, holistic approach for evaluating security posture and ecosystems, GuidePoint enables some of the nationâs top organization"
2026-04-18 13:00:30,weworkremotely,H1,Sr. DevOps AWS Cloud Engineer,Remote,,https://weworkremotely.com/remote-jobs/h1-sr-devops-aws-cloud-engineer,wwr::https://weworkremotely.com/remote-jobs/h1-sr-devops-aws-cloud-engineer,"Fri, 20 Mar 2026 20:32:19 +0000","Headquarters: New York At H1, we believe access to the best healthcare information is a basic human right. Our mission is to provide a platform that can optimally inform every doctor interaction globally. This promotes health equity and builds needed trust in healthcare systems. To accomplish this o"
2026-04-18 13:00:30,weworkremotely,Hard Rock Digital,Senior Data DevOps Engineer,Remote,,https://weworkremotely.com/remote-jobs/hard-rock-digital-senior-data-devops-engineer,wwr::https://weworkremotely.com/remote-jobs/hard-rock-digital-senior-data-devops-engineer,"Thu, 09 Apr 2026 20:32:05 +0000","Headquarters: Florida, United States Job description What are we building? Hard Rock Digital is a team focused on becoming the best online sportsbook, casino, and social gaming company in the world. We’re building a team that resonates with passion for learning, operating and building new products a"
2026-04-18 13:00:30,remoteok,Insider One,Frontend Developer Vue.js,Worldwide,,https://remoteOK.com/remote-jobs/remote-frontend-developer-vue-js-insider-one-1131167,remoteok::1131167,2026-04-16T16:00:35+00:00,"Before jumping into all the information about the role and what you can bring to the table, let us introduce ourselves real quick. About us Insider One is the #1 platform that brings everything marketing and customer engagement teams need in one place so they can reach their peak potential and becom"
2026-04-18 13:00:30,greenhouse,jetbrains,Cloud Infrastructure Engineer (Kineto),,,https://job-boards.eu.greenhouse.io/jetbrains/jobs/4777558101,greenhouse::4777558101,2026-04-07T05:06:32-04:00,
2026-04-18 13:00:30,greenhouse,jetbrains,Developer Experience Lead (JetBrains Cloud Platform),,,https://job-boards.eu.greenhouse.io/jetbrains/jobs/4822652101,greenhouse::4822652101,2026-04-08T09:24:09-04:00,
2026-04-18 13:00:30,greenhouse,jetbrains,QA Automation Engineer (IJ Platform / Remote Development),,,https://job-boards.eu.greenhouse.io/jetbrains/jobs/4779443101,greenhouse::4779443101,2026-04-02T06:49:37-04:00,
2026-04-18 13:00:30,greenhouse,jetbrains,QA Automation Engineer (IJ Platform/ Dev Environments),,,https://job-boards.eu.greenhouse.io/jetbrains/jobs/4777933101,greenhouse::4777933101,2026-04-02T06:50:58-04:00,
2026-04-17 13:17:27,greenhouse,jetbrains,Technical Writer (JetBrains Cloud Platform),,,https://job-boards.eu.greenhouse.io/jetbrains/jobs/4808543101,greenhouse::4808543101,2026-04-17T08:45:09-04:00,
2026-04-18 13:00:30,weworkremotely,Lemon.io,Senior DevOps Engineer,Remote,,https://weworkremotely.com/remote-jobs/lemon-io-senior-devops-engineer-2,wwr::https://weworkremotely.com/remote-jobs/lemon-io-senior-devops-engineer-2,"Wed, 15 Apr 2026 10:42:33 +0000","Headquarters: New York, NY URL: https://lemon.io Are you a talented Senior DevOps looking for a remote job that lets you show your skills and get decent compensation? Look no further than Lemon.io — the marketplace that connects you with hand-picked startups in the US and Europe. What we offer: The "
2026-04-18 13:00:30,weworkremotely,Luby,Profissional SRE/DevOps (AWS/Terraform) Sênior - Remoto,Remote,,https://weworkremotely.com/remote-jobs/luby-profissional-sre-devops-aws-terraform-senior-remoto,wwr::https://weworkremotely.com/remote-jobs/luby-profissional-sre-devops-aws-terraform-senior-remoto,"Fri, 03 Apr 2026 00:08:59 +0000","Headquarters: BR URL: http://luby.com.br #VemPraLuby💙 Aqui você terá a oportunidade de: Evoluir em um ambiente de alta performance: &nbsp;Uma cultura onde o desenvolvimento é contínuo, com autonomia e envolvimento em projetos nacionais e internacionais que realmente testam suas habilidades e impulsi"
2026-04-18 13:00:30,remotive,Marketerx,Senior DevOps Engineer,USA,DevOps / Sysadmin,https://remotive.com/remote-jobs/devops/senior-devops-engineer-2070150,remotive::2070150,2026-03-18T14:31:25,"The Role: Architect of a Resilient Future We are seeking a highly experienced and motivated Senior DevOps/Security Engineer to join our founding engineering team. This isn't just another DevOps role. You will be the architect of the resilient, scalable, and secure foundation upon which our entire au"
2026-04-18 13:00:30,weworkremotely,Matera,Devops - Pleno e Sênior (Banco de Talentos),Remote,,https://weworkremotely.com/remote-jobs/matera-devops-pleno-e-senior-banco-de-talentos,wwr::https://weworkremotely.com/remote-jobs/matera-devops-pleno-e-senior-banco-de-talentos,"Fri, 03 Apr 2026 00:08:59 +0000","Headquarters: BR URL: http://matera.com.br Aqui na&nbsp; Matera , tecnologia conecta pessoas, transforma negócios e amplia possibilidades. Trabalhamos para tornar o acesso a serviços financeiros mais seguro, eficiente e democrático, desenvolvendo soluções que impactam milhões de pessoas todos os dia"
2026-04-18 13:00:30,lever,metabase,Senior SRE/DevOps Engineer,Global Remote,Engineering,https://jobs.lever.co/metabase/1b702919-4d0b-4085-baec-8947f9b7e4ee,lever::1b702919-4d0b-4085-baec-8947f9b7e4ee,1589224005614,"Metabase is the easiest way for people to get insights from their data, from tiny startups who get up and running quickly to major corporations with tens of thousands of users. That's why people love us. We bring data tools with the elegance and simplicity of consumer products to the crufty world of"
2026-04-18 13:00:30,greenhouse,mongodb,Cloud Operations Engineer,,,https://www.mongodb.com/careers/job/?gh_jid=7453323,greenhouse::7453323,2026-04-14T15:48:55-04:00,
2026-04-18 13:00:30,greenhouse,mongodb,Cloud Operations Engineer,,,https://www.mongodb.com/careers/job/?gh_jid=7647255,greenhouse::7647255,2026-04-14T15:48:55-04:00,
2026-04-18 13:00:30,greenhouse,mongodb,"Senior Site Reliability Engineer,  Fleet Management",,,https://www.mongodb.com/careers/job/?gh_jid=7727873,greenhouse::7727873,2026-04-14T15:48:55-04:00,
2026-04-18 13:00:30,greenhouse,mongodb,"Site Reliability Engineer (Senior or Staff), Atlas",,,https://www.mongodb.com/careers/job/?gh_jid=7727964,greenhouse::7727964,2026-04-17T16:05:15-04:00,
2026-04-18 13:00:30,greenhouse,mongodb,"Site Reliability Engineer (Senior or Staff), Infrastructure Security",,,https://www.mongodb.com/careers/job/?gh_jid=7758610,greenhouse::7758610,2026-04-14T17:27:14-04:00,
2026-04-18 13:00:30,greenhouse,mongodb,"Site Reliability Engineer (Senior or Staff), Storage Layer Services (SLS)",,,https://www.mongodb.com/careers/job/?gh_jid=7743366,greenhouse::7743366,2026-04-15T06:41:17-04:00,
2026-04-18 13:00:30,greenhouse,mongodb,"Site Reliability Engineer (Senior or Staff), Storage Layer Services (SLS)",,,https://www.mongodb.com/careers/job/?gh_jid=7793634,greenhouse::7793634,2026-04-15T06:41:43-04:00,
2026-04-18 13:00:30,greenhouse,mongodb,"Site Reliability Engineer (Senior or Staff), Storage Layer Services (SLS)",,,https://www.mongodb.com/careers/job/?gh_jid=6984814,greenhouse::6984814,2026-04-14T15:48:55-04:00,
2026-04-18 13:00:30,greenhouse,mongodb,Site Reliability Engineer 3,,,https://www.mongodb.com/careers/job/?gh_jid=7145126,greenhouse::7145126,2026-04-14T17:03:14-04:00,
2026-04-18 13:00:30,greenhouse,mongodb,Site Reliability Engineer 3,,,https://www.mongodb.com/careers/job/?gh_jid=7343251,greenhouse::7343251,2026-04-14T17:03:15-04:00,
2026-04-18 13:00:30,greenhouse,mongodb,"Team Lead, Site Reliability Engineering - Fleet Management",,,https://www.mongodb.com/careers/job/?gh_jid=7650199,greenhouse::7650199,2026-04-14T15:48:55-04:00,
2026-04-18 13:00:30,greenhouse,mongodb,"Team Lead, Site Reliability Engineering - Storage Layer Service",,,https://www.mongodb.com/careers/job/?gh_jid=7743304,greenhouse::7743304,2026-04-14T15:48:55-04:00,
2026-04-18 13:00:30,greenhouse,mongodb,"Team Lead, Site Reliability Engineering - Storage Layer Service",,,https://www.mongodb.com/careers/job/?gh_jid=7818635,greenhouse::7818635,2026-04-15T11:35:04-04:00,
2026-04-18 13:00:30,greenhouse,okta,DevOps Data Engineer,,,https://www.okta.com/company/careers/opportunity/7615384?gh_jid=7615384,greenhouse::7615384,2026-04-13T10:59:33-04:00,
2026-04-18 13:00:30,greenhouse,okta,Senior Adobe Experience Cloud Engineer,,,https://www.okta.com/company/careers/opportunity/7629690?gh_jid=7629690,greenhouse::7629690,2026-04-01T10:48:59-04:00,
2026-04-18 13:00:30,greenhouse,okta,Senior AEM DevSecOps Engineer,,,https://www.okta.com/company/careers/opportunity/7688701?gh_jid=7688701,greenhouse::7688701,2026-03-26T03:52:11-04:00,
2026-04-18 13:00:30,greenhouse,okta,Senior Data Platform Engineer (Bengaluru),,,https://www.okta.com/company/careers/opportunity/7648977?gh_jid=7648977,greenhouse::7648977,2026-03-23T15:50:52-04:00,
2026-04-18 13:00:30,greenhouse,okta,Senior Database Reliability Engineer (DBRE),,,https://www.okta.com/company/careers/opportunity/7437987?gh_jid=7437987,greenhouse::7437987,2026-03-23T15:50:52-04:00,
2026-04-18 13:00:30,greenhouse,okta,Senior Database Reliability Engineer (DBRE) ; postgreSQL,,,https://www.okta.com/company/careers/opportunity/7437947?gh_jid=7437947,greenhouse::7437947,2026-04-01T22:33:52-04:00,
2026-04-18 13:00:30,greenhouse,okta,Senior Database Reliability Engineer (DBRE) ; postgreSQL,,,https://www.okta.com/company/careers/opportunity/7774364?gh_jid=7774364,greenhouse::7774364,2026-04-01T22:35:11-04:00,
2026-04-18 13:00:30,greenhouse,okta,Senior Database Reliability Engineer (DBRE) ; postgreSQL,,,https://www.okta.com/company/careers/opportunity/7437974?gh_jid=7437974,greenhouse::7437974,2026-04-01T22:33:24-04:00,
2026-04-18 13:00:30,greenhouse,okta,Senior Database Reliability Engineer (DBRE) ; postgreSQL,,,https://www.okta.com/company/careers/opportunity/7436028?gh_jid=7436028,greenhouse::7436028,2026-04-01T22:33:09-04:00,
2026-04-18 13:00:30,greenhouse,okta,"Senior Platform Engineer, Control Plane (Auth0)",,,https://www.okta.com/company/careers/opportunity/7595065?gh_jid=7595065,greenhouse::7595065,2026-03-23T15:50:52-04:00,
2026-04-18 13:00:30,greenhouse,okta,Senior Site Reliability Engineer (Auth0),,,https://www.okta.com/company/careers/opportunity/7791590?gh_jid=7791590,greenhouse::7791590,2026-04-08T10:15:14-04:00,
2026-04-18 13:00:30,greenhouse,okta,Senior Site Reliability Engineer (Auth0),,,https://www.okta.com/company/careers/opportunity/7418982?gh_jid=7418982,greenhouse::7418982,2026-03-23T15:50:52-04:00,
2026-04-18 13:00:30,greenhouse,okta,Senior Site Reliability Engineer - Observability,,,https://www.okta.com/company/careers/opportunity/7658254?gh_jid=7658254,greenhouse::7658254,2026-03-23T15:50:52-04:00,
2026-04-18 13:00:30,greenhouse,okta,Senior Site Reliability Engineer - Security and Data Systems (Federal),,,https://www.okta.com/company/careers/opportunity/7591606?gh_jid=7591606,greenhouse::7591606,2026-03-24T16:04:49-04:00,
2026-04-18 13:00:30,greenhouse,okta,"Senior Site Reliability Engineer, Edge - TS/SCI",,,https://www.okta.com/company/careers/opportunity/7562925?gh_jid=7562925,greenhouse::7562925,2026-03-23T15:50:52-04:00,
2026-04-18 13:00:30,lever,plaid,Senior Software Engineer - Data Infrastructure,San Francisco,Engineering,https://jobs.lever.co/plaid/05b0ae3f-ec60-48d6-ae27-1bd89d928c47,lever::05b0ae3f-ec60-48d6-ae27-1bd89d928c47,1757949773106,We believe that the way people interact with their finances will drastically improve in the next few years. We’re dedicated to empowering this transformation by building the tools and experiences that thousands of developers use to create their own products. Plaid powers the tools millions of people
2026-04-18 13:00:30,lever,plaid,Software Engineer - Platform,San Francisco,Engineering,https://jobs.lever.co/plaid/2b9a141e-0669-4197-aa52-2b07d9fadc96,lever::2b9a141e-0669-4197-aa52-2b07d9fadc96,1755794364103,We believe that the way people interact with their finances will drastically improve in the next few years. We’re dedicated to empowering this transformation by building the tools and experiences that thousands of developers use to create their own products. Plaid powers the tools millions of people
2026-04-18 13:00:30,greenhouse,rubrik,Production Engineer/Site Reliability Engineer (Shift Basis),,,https://www.rubrik.com/company/careers/departments/job.7439514?gh_jid=7439514,greenhouse::7439514,2026-04-10T13:48:45-04:00,
2026-04-18 13:00:30,greenhouse,rubrik,Production Engineer/Site Reliability Engineer (Shift Basis),,,https://www.rubrik.com/company/careers/departments/job.7439521?gh_jid=7439521,greenhouse::7439521,2026-04-10T13:48:45-04:00,
2026-04-18 13:00:30,greenhouse,rubrik,Senior Integration & Automation Engineer,,,https://www.rubrik.com/company/careers/departments/job.7570678?gh_jid=7570678,greenhouse::7570678,2026-04-10T13:48:47-04:00,
2026-04-18 13:00:30,remoteok,Signifyd,Senior Software Engineer Cloud Platform,United States,,https://remoteOK.com/remote-jobs/remote-senior-software-engineer-cloud-platform-signifyd-1131169,remoteok::1131169,2026-04-16T16:00:56+00:00,"At Signifyd, we help merchants confidently grow their businesses by building trusted relationships with their customers. Our advanced technology, combined with a team genuinely invested in our clients' success, creates frictionless shopping experiences, approving more good orders, protecting revenue"
2026-04-18 13:00:30,weworkremotely,Spectrum It Recruitment,Senior GCP DevOps Engineer,Remote,,https://weworkremotely.com/remote-jobs/spectrum-it-recruitment-senior-gcp-devops-engineer,wwr::https://weworkremotely.com/remote-jobs/spectrum-it-recruitment-senior-gcp-devops-engineer,"Mon, 06 Apr 2026 18:02:17 +0000","Headquarters: Kent A Marketplace on a Mission to the Moon… We are working with an exciting business on a mission to put themselves at the forefront of digital marketplace consumer services. To rival the corporate, and to put the little people - the merchant and the consumer - at the forefront of bus"
2026-04-18 13:00:30,greenhouse,vercel,Anti-Abuse Automation Engineer,,,https://job-boards.greenhouse.io/vercel/jobs/5843010004,greenhouse::5843010004,2026-04-16T13:58:49-04:00,
2026-04-18 13:00:30,weworkremotely,Workidentity,DevOps Engineer (gn) / full-remote,Remote,,https://weworkremotely.com/remote-jobs/workidentity-devops-engineer-gn-full-remote,wwr::https://weworkremotely.com/remote-jobs/workidentity-devops-engineer-gn-full-remote,"Mon, 06 Apr 2026 18:04:03 +0000","Headquarters: Remote,Oldenburg Einleitung Gestalte die Digitalisierung der Energiewende mit uns! In Zusammenarbeit mit einem Partnerunternehmen suchen wir aktuell einen DevOps Engineer, der die digitale Transformation der Energiewende aktiv mitgestalten möchte. Wenn du auf nachhaltige Projekte stehs"
